{"cameraMode":{"drawMode":0,"name":"Shaded","section":"Shading Mode"},"sceneLighting":false,"audioPlay":false,"sceneViewState":{"m_AlwaysRefresh":false,"showFog":true,"showSkybox":false,"showFlares":true,"showImageEffects":true,"showParticleSystems":true,"showVisualEffectGraphs":true,"m_FxEnabled":true},"in2DMode":false,"pivot":{"x":2.885999917984009,"y":2.066901445388794,"z":0.30021947622299197},"rotation":{"x":0.2629753351211548,"y":0.00869159959256649,"z":-0.002376681426540017,"w":0.964786171913147},"size":1.0510309934616089,"orthographic":false}