{"cameraMode":{"drawMode":0,"name":"Shaded","section":"Shading Mode"},"sceneLighting":true,"audioPlay":false,"sceneViewState":{"m_AlwaysRefresh":false,"showFog":true,"showSkybox":true,"showFlares":true,"showImageEffects":true,"showParticleSystems":true,"showVisualEffectGraphs":true,"m_FxEnabled":true},"in2DMode":false,"pivot":{"x":9.777566909790039,"y":14.419837951660157,"z":-27.981847763061525},"rotation":{"x":0.01062764786183834,"y":-0.9893352389335632,"z":-0.0943596288561821,"w":-0.11117774993181229},"size":17.436891555786134,"orthographic":false}